cripto_id;precio_medio;volatilidad;retorno_promedio;drawdown_max;ratio_riesgo_retorno
BTC;341687.2229185318;21.216388414137132;1.5090622974180266;9100324.0;0.0711271997835641
DOGE;162833.6339102376;60.192962885278384;5.23623527219238;992752.0;0.08699082120566333
NEO;193677.864739116;265.39725382748344;14.947273393788505;996136.0;0.056320377013036854
UNI;382469.2449197861;47.45329004525039;4.614351802401119;998396.0;0.09723987099737398
ZEN;233016.69566634082;1800.4065526915501;41.217238579023004;2028337.0;0.022893295137925682
