cripto_id;mes;cierre
BTC;1;217160.15034168566
DOGE;3;118579.06451612903
NEO;4;120043.05833333333
UNI;1;291452.1550387597
ZEN;2;130450.76991150442
